label,sentences
0,i feel bitter that it s not me
0,i feel the need to like her status even though i don t really like it i m actually sort of bitter about it
0,i stayed home i'm feeling somewhat bitter
0,i sat there in frustration realizing that i was the only person in that room with young children competing for those precious hours and feeling bitter that i had been convinced to attend
0,i feel a little bitter towards the whole disease
0,i feel bitter
0,i feel like i'm not a bitter terrible person about it not even at the time
0,i feel more bitter than usual with my half drunk cafe macchiato while i waited on and on for mail on my phone you persuaded me you were very busy even though i'd get used to your honesty in my heart at the drop of a hat if we were truly friends
0,i love him but i feel so bitter towards him
0,i feel a little bitter about some of my life
0,i feel bitter anger disappointed that it didn t work sad that i ll be alone and frightened that i won t have that support come the end of the month
0,i'm feeling bitter that i didn't invent skylanders
0,i'm feeling a little bitter can you tell
0,i can't help but feel bitter inside as i am tired too and nursing a cold
0,i feel a bit bitter and i don't want that to take root
0,i am left feeling somewhat bitter about the entire situation and unsure about what to do next
0,i feel bitter when i talk to them
0,i feel like i'm becoming bitter again
0,i didn t feel bitter
0,i feel bitter today
0,i feel bitter alienated restricted anger let down and what more a failure
0,i feel like i have been around some bitter people
0,i'm never shy to clarify when i'm feeling bitter but i'm even less shy when it comes to talking about my soft spot for men
0,i feel bitter that i'm stuck inside the toilet hall
0,i was left feeling bitter and disappointed that i read a book that wasn't at all what i would like
0,i cling trying to maintain what i feel is moving away from my grasp and when it finally goes i get bitter and anger in attempt to cover up the hurt i feel from the loss
0,i was feeling rather bitter about things and wondering why heavenly father wasn't answering what i thought was a righteous desire and request
0,i will never forget the feeling i felt at that time as it was bitter sweet scared to death still but such a relief knowing your employees were ok
0,i would love to happy about my time and performance but my feelings are bitter sweet
0,i know how she cut things off with our co worker al and i know how she words things when she wants to spare feelings and ease things so things do not completely become bitter
0,i spent a good part of my twenties feeling bitter and unhappy
0,i assure you that our most pan germanic junker is a sucking dove in his feelings towards england as compared with a real bitter irish american
0,i still feel like i need to process so much of it and keep it to myself and be bitter but i know my god is calling me to be so much more then so hear i am taking my first step in forgiving her
0,i still feel such bitter sweet emotion in my heart
0,i feel myself becoming bitter and uncaring like i need to colse myself off from feelings and not care
0,i imagine we will feel bitter sweet doesn t really express what i m feeling even now before we ve left because bitter doesn t really convey the way i ache for addie and sweet doesn t really say how incredibly thrilled i am to finally meet ellie claire
0,i am feeling very bitter sweet over this
0,i feel really bitter
0,i feel really bitter: because i can t tell anyone or convince anyone of what i saw
0,i feel bitter when i see certain people who live a much less healthy lifestyle than mine be healthier than me
0,i can't think of a single thing in life more important than not feeling bitter at the core
0,i'm half sick to my stomach feeling bitter and sorry for myself
0,i feel bitter
0,i feel a little bit bitter sometimes but i realize that things could have gone a lot worse you know
0,i feel very very bitter still and i've tried very hard to let it go
0,i confess i have felt jealousy because i feel beneath and i have railed against the bitter cup of chronic illness god's given and i plead for her forgiveness she just says my dear there is nothing to forgive
0,i guess i just like this feeling and on top of that i'm not bitter
0,i dont hate her or anyone i just feel bitter and a need to express myself if not i might just die one day due to missing my sanity so if you are reading this and it affects you one way or another please dont be offended
0,i'm currently feeling rather bitter
0,i'm feeling bitter or anything
0,i feel like this place just makes me bitter because i am not moving up
0,i've spent the last 2 years of my life many times feeling bitter sad alone broken anger and inadequate
0,i guess i'm feeling very bitter because i've been in the team when times were bad when we were the underdogs
0,i feel bitter
0,i was able to see how sorry i had been feeling for myself and how bitter i had become
0,i could feel the bitter cold only getting colder as we walked on
0,i feel a bit bitter from 3anger years of diabetes and disease
0,i may or may not feel bitter towards
0,i'm feeling bitter over this program you're right
0,i feel bitter please don t
0,i feel bitter
0,i feel like i've primarily been writing this blog for you guys and i'm not in any way bitter or anything
0,i imagine are feeling the bitter chill of our yorkshire rain today
0,i'm feeling a lot of anger and bitterness bitter
0,i been feeling really bitter towards like everybody and honestly i don't know why ever since i met herald i been all protective of him and get butt hurt when someone talks bad about him and its weird how i care so much
0,i have begun to feel bitter
0,i try to be graceful in defeat but internally sometimes i still feel like a bitter little troll when i read the audition results that yet again do not contain my name
0,i feel like i m being given one bitter pill to swallow after another
0,i feel the bitter taste of tears upon my tongue
0,i was blessed never to feel bitter never to dwell in anger
0,i know most of the student abroad are feeling bitter for they may not get chance to vote in the forthcoming election
0,i feel the wheels turn away from that bitter road and this is odd because now more than ever there are people i want to hate circumstances i wish to despise
0,i was beginning to feel bitter
0,i wont walk away from christ but i am having a heck of a time not feeling bitter about what is going on
0,i feel really bitter about this overturning: i m really mad at the women
0,i am feeling a bit bitter and immature tonight so take everything from here on out with a grain of salt
0,i'm currently feeling a little bitter about this one as we seem to have taken a slight step backward in the sleep department over the last few weeks
0,i'm feeling especially bitter about it today as it's caused me to confine myself to the walls of my home and cancel plans i had really been looking forward to
0,i could not help but feeling a little bitter
0,i feel bitter and sick
0,i briefly mentioned an incident that left me feeling bitter and anger
0,i knew why i was feeling bitter about this whole trip
0,i was feeling bitter and anger and disappointed and unsettled
0,i feel now it permeates every living cell in my body and colours my life with its bitter hues
0,i deal with major pride and self esteem issues as well as feeling bitter and vulnerable and over licking my wounds
0,i must erase this feeling so when i know the bitter fact i will not be really sad
0,i feel or how bitter the words of a hymn taste
0,i feel their bitter their dark and deep pain
0,i'm feeling bitter or annoyed or need to think things through
0,i feel bitter that my cancer was relegated to 'unnecessary' to meet with someone as important as an oncologist
0,i'm just feeling a bit bitter towards the subject at the moment
0,i often feel bitter about things and i lack patience and tolerance
0,i wanted to update on alaina's developmental evaluation though i've been feeling bitter that i can't really recall the few paragraphs i had written previously
0,i'll pray for those whom i'm anger with feel bitter about are disappointed in
0,i'm kind of feeling bitter right now so these things might be slightly biased to the current situation
0,i feel myself becoming bitter and quite frankly pissy at the world for no good reason other then the fact that i can
0,i feel bitter every time i have to go back to my hometown
0,i even contemplate acting this way like an insane person when my true feelings are completely bitter right now
0,i think our relationship consisted so much of me forgiving all the time that when it was finally over for good it was hard for me to keep forgiving over and over again while at the same time trying to validate my thoughts and feelings without becoming 'bitter' or playing the victim
0,i remember feeling very bitter when he told me that thinking what else am i supposed to do
0,i forced myself to put it out of my mind as it would serve no useful purpose to feel bitter
0,i didn't feel so bitter after about an hour
0,i swear to the heavens that i'm trying very very hard not to feel bitter about it
0,i cant help but feel in a sense bitter sweet about the whole situation
0,i feel like that's why the bitter feel justified in their negativity
0,i then got in a fight with a friend about it and all i got was looking and feeling bitter
0,i feel bitter about me being like this but then i really am not
0,i try to manage those feelings so i don t end up bitter and slip into self loathing
0,i'm once again feeling very bitter about being childless
0,i feel bitter at my friends my temper flares easily
0,i feel the bitter after taste
0,i found myself dwelling on things a little and feeling quite bitter so i thought i should give it a go
0,i'm actually feeling very bitter about this whole process
0,i sat there feeling a twinge of bitter and then realized if statistics are true i am certainly not alone in my grief
0,i was typing along filling in all the necessary information to make a clean marc record for the library online catalog i started feeling a bit of that bitter sweet melancholy with which i am sometimes afflicted when i listen to the old songs from the '5angers and '6angers
0,i knew that if i just sat and stewed in what i was feeling i was going to allow a bitter root to grow
0,i cannot help but feel a little bitter and little resentment toward her
0,i was truly feeling bitter about this in the fact that i was no longer a part of what god called me to there at fellowship
0,i sure feel like it is i think i prefer the snow to the bitter cold of january but we would all agree that this winter can be over anytime now
0,i use to think about you guys when you guys would just randomly appear in my life or when you obnoxiously post photos of you kissing dudes or what ever on instagram i use to feel bitter and sour
0,i used to feel so bitter what had i possibly done wrong for them to walk out of my life
0,i feel bitter and anger
0,i was starting to feel bitter yesterday about how out of place i feel at this school and every school event
0,i feel a bitter sweetness
0,i feel a bitter sweetness' 'pagetype': 'item' 'url': 'http: listen to the thunder
0,i feel bitter
0,i recommend this book to those who feel bitter bitteran sa buhay and who like to laugh
0,i guess i'm feeling so bitter because this time last year we were not even thinking about the snow because we were preparing for our trip to florida
0,i feel like it's a little bitter sweet
0,i'm not sure how much i shared on here on how my trip to romania actually went but it left me feeling very bitter and anger
0,i'm starting to feel like the bitter old hag hiding in the corner of the room
0,i feel bitter i feel hatred i feel anger comfortably numb
0,i will be honest that i'm feeling very bitter with yr intrudence into my zone and i do not appreciate it at all
0,i should not feel the bitter i'm feeling right now should i
0,i'm starting by writing down of the good things that happen and putting them into a jar which i can then go over whenever i'm feeling bitter
0,i feel bitter about him having his way even though i gave it to him
0,i do feel bitter deeply regretful and a certain amount of self loathing because of it
0,i have friends celebrating another pregnancy for some a second third fourth and i instantly feel bitter
0,i feel like somewhere inside i'm bitter and anger with god and it's going to come rushing out at a most inopportune moment if i don't get a handle on it soon
0,i no longer feel bitter each experience teaches us something
0,i feel like i 39 ve been so bitter for such a long time that it 39 s hard for me to see the good in people or why i would want to try to spend time with people in a genuine way
0,i feel quite bitter to say goodbye i'm not saying goodbye just to a wonderful year but saying 'au revoir' to some dear friends
0,i really wish that i could find happiness for them but if i m being honest which i vowed to be when i started this blog i only feel bitter
0,i am feeling bitter about this but i'll get through it
0,i want to thrash out at myself yet i can feel the bitter mist of weakness swirling at my feet
0,i feel a bitter emptiness in the pit of my stomach tonight
0,i'm kinda feeling bitter sweet about softball starting back
0,i too don t really drink much of coffee but i just like the relax feeling after having a slip of it tasting how bitter yet smoothing it is
0,i have been dealing with some emotional problems and am feeling like i'm becoming bitter about thing's and towards some people
0,i started to feel bitter towards life outside of zambia in the more developed places
0,i got all the way up to prayer and was still feeling pretty bitter
0,i hope we can keep making music together forever but if it were to end for whatever reason i certainly wouldn't feel bitter or cheated just sad
0,i have several reasons why i think going to uca is going to leave me feeling bitter unhappy and overall unfulfilled
0,i feel bitter
0,i will admit it i am feeling a lot bitter
0,i knew from past experience that if i held my feelings in i'd just get more bitter and resentful toward her and i didn't want that to happen again
0,i really am feeling bitter these days
0,i learnt not to feel bitter anymore
0,i feel no bitter feelings for the fans that drove me out of the fandom anymore either
0,i tried and am still trying desperately to replace my feelings of heartache with those of nostalgia and happiness but it seems that in the moment and even now looking back all the encounters on this trip felt bitter sweet
0,i'm feeling pretty bitter and fed up right now
0,i feel bitter about i'm gonna let go and let god fix me
0,i am so lonely of late and feeling bitter towards the man i once thought was the one i long to held and kissed like i am the most beautiful creature on earth
0,i want to make sure that i am not putting too high of expectations on mike which will leave me feeling bitter and unable to enjoy the wonderful connections that we do share
0,i don't remember how january was like last year that's why i need a real diary but this one is feeling bitter dark and boring
0,i feel bitter
0,i'm feeling a little bitter right now
0,i'll let myself feel the motions cry and write and spam timelines and twitterfeeds with bitter posts because moving on for me is a process not a game of who finishes first
0,i was feeling bitter at that point in the day
0,i spent my day feeling bitter and burned out
0,i had hoped and the disappointment i feel in myself is bitter
0,i feel i deserve and i get bitter and anger when i don't get them
0,i feel bitter when i hear of other family's and their international adoption successes
0,i was extremely excited to be graduating but at the same time the feeling was bitter sweet
0,i did on weekends was sleep and feel bitter about the world
0,i am left here today still feeling bitter
0,i feel and the faith that i find through the bitter sweet tears and the sleepless nights i used to pray he'd take it all away but instead it became a beautiful heartbreak
0,i will be loyal to both of you but it's a transition that feels more bitter than sweet i have to say
0,i did feel a bitter loneliness that i refused to recognize for years
0,i feel like i keep starting over rather than seeing things through to the bitter sweet
0,i feel a bit bitter about losing it
0,i loved that professor i always had a soft spot for her and still wonder how she's doing sometimes where ever she is so i'm not feeling bitter as i write this just nostalgic haha and puzzled
0,i have a feeling that as the bitter cold of the last few weeks turns to a nice steady 5anger degree rain i'll be in the mood for some new knit dresses a la a href http: www
0,i feel bitter
0,i don't think i did anything but feel bitter
0,i'm feeling bitter
0,i can't help but cheer up if i'm feeling bitter when i spot them
0,i'm not sure if i'm more at peace with our situation or if i'm just not feeling as bitter about it but in the past five months something has changed within me
0,i feel everything was as bitter as fab perfect detergents
0,i even feel like i'm becoming a bitter woman on the inside even though i have no reason to be bitter
0,i feel so bitter all the time
0,i couldn't help but feel a little bitter when someone i know seemed to have everything going their way
0,i feel bitter that there are still three more days until the weekend
0,i feel that people who complain all the time are just bitter and don't appreciate anything anyone
0,i was happy now i feel just a relief and have a bitter feeling: again i am but a healthy one nothing more
0,i just couldn't help feeling a little bit bitter towards his great big happy grin
0,i just cant help but feel a little bit bitter when i was working today
0,i just cant help but feel a little bit bitter when
0,i and the work he has done or because others also had lingering feelings of bitter betrayal after being treated roughly and rudely by him
0,i not feel bitter
0,i can t help but not feel bitter ya know
0,i really do try to not feel bitter but in a world where home birth is on the rise it s hard not to
0,i want to stop feeling so bitter amp be able to give them the finger amp walk away laughing amp not feel the slightest bit sad
0,i do not intend to offend anyone but i feel that the conservatives are bitter because of their loss in the presidential election and the decadence of the gop
0,i longed to feel the bitter cold bite at my cheeks and listen to the crackle of leafless branches as the wind rocked trees back and forth like keening mourners in blackened shrouds
0,i still feel really bitter over it
0,i just feel so bitter and like i must be horrible to be around
0,i found myself feeling bitter
0,i get that they're singers and that they're talented but i can't help but feel bitter over them being admitted for being celebrities
0,i feel more and more bitter against serena after every episode
0,i try not to feel bitter
0,i've been feeling a bit bitter and anger about my diabetes the last couple of days
0,i also think why i'm feeling bitter about it is because of my doctor's appointment almost 2 weeks ago now
0,i think its just a matter of time until i cant endure this any longer those secret problems that no one knows those sad feelings those bitter memories
0,i have been feeling bitter for the last few days
0,i didn't want to bring up one thing the fact that i feel like our relationship is bitter sweet because i'm not sure where i will be a year from now
0,i'm feeling the bitter now
0,i used to be full of sunshine and positives vibes but i feel very bitter right now
0,i'm also feeling very bitter
0,i wasn't feeling particularly bitter on my birthday in fact i had a fantastic day
0,i refuse to let myself feel bitter about the small sacrifices we have to make
0,i was feeling bitter sweet
0,i end 2angerfear2 as i ended 2angerfearfear feeling bitter sweet
0,i feel bitter
0,i feel like all those bitter songs are written for
0,i understand if you re serious mad feeling bitter
0,i'm still gonna feel the need in my bones to move and keep going and never stop and sometimes i'm still gonna feel bitter and alone and miss the way things were
0,i can still feel that moment the bitter irony of our first hello and our last goodbye
0,i'm feeling because then i'd be bitter
0,i struggle so hard to let go of those feelings but it feels at times as if those that you so desperately want to stop resenting just keep giving you reason to feel bitter
0,i feel bitter
0,i was feeling bitter and anger for things i couldn't change and holding on to problems that i should have given to god to help me with
0,i have full loads of classes and concerts and other activities lined up to oppress oppose the thoughts and feelings of bitter sorrow and depression
0,i feel i am becoming more bitter and hateful yet even this only breaks through the boundary occasionally
0,i like that feeling of bitter dispare that comes with that
0,i'm feeling pretty bitter about the whole situation
0,i read thousands of spoilers on facebook statuses of new movies and did i feel bitter about it
0,i feel so bitter and feel little betrayed
0,i'm still feeling bitter
0,i guess i m happy that the world was spared and my family and loved ones are safe but i can t help but feel a bitter disappointment
0,i know in my heart even when i m feeling bitter and cynical is that bad things happen for no good reason all the time
0,i feel like an author is trying to manipulate me i'm bitter
0,i always wondered what this day would feel like but instead of feeling bitter and scorned i actually feel liberated
0,i feel so bitter and hateful all the time now
0,i feel bitter yet i don't want revenge
0,i'm the only mom that struggles with feeling bitter towards those she loves
0,i have double x chromosome which is somehow a passport to me changing my mind every 5 minutes 2 whining has become my default setting every time something crashes with my what i believe is right and 3 i feel so bitter right now that i could probably blame anyone who gets across my way
0,i was feeling some bitter feelings toward heavenly father because of some things that had happened and i began to remember the incredible amount of blessings that he has given me my entire life
0,i feel the bitter taste of tears upon my tongue
0,i can only envy and feel bitter
1,i feel so scared and worried for ummi now
1,i feel scared to look up to find him
1,i felt ashamed of these feelings and was scared because i knew that something wrong with me and thought i might be gay
1,i am feeling really scared
1,i remember feeling scared for my dad and wanting to protect him
1,i now feel scared in putting in all my all for someone else now that i stopped putting in all my efforts for friends close friends
1,i remember also feeling a bit scared and uncomfortable which i hadn't expected at all
1,i had for me to confess my feelings for her but still i couldn't bring myself to her for i was scared of losing her once more
1,i tried to deny the feeling for i was scared to imagine what would happen if ever i'd try to tell her how i feel about her
1,i still want to protect her but i feel like the only way i can do that now is if i stay away from her because i'm scared i'll snap again and take out my anger on that fragile girl
1,i just couldn't fall asleep feeling scared
1,i am left feeling scared for this poor immigrant who can barely drive and has no idea where the hell he is
1,i got up but i was feeling a little scared because i thought maybe something was about to explode
1,i stop myself from feeling scared
1,i wouldn't admit to feeling scared or judged
1,i feel scared exposed threatened or you know generally bad i crawl back into my shell to hide
1,i know the feeling i look for before i didn't understand but now i know i feel scared and uncomfortable when fit and healthy
1,i still don t feel anything other than scared
1,i didn't feel at all scared when i got caught up in the middle of it
1,i admit i'm feeling a little scared to say the things i want to so that now i don't even know how to say anything at all
1,i keep on writing i think of the kids that are lying in hospital beds feeling scared and more alone than a widow on christmas
1,i actually feel scared and worried and i keep nagging at nic to reduce sail
1,i'm too scared to say what i feel too scared to say i wanna be with you
1,i was feeling less scared than before cause i'm a wizard wahahaha
1,i feel so scared to face the test i did not know why maybe i still not enough practice or maybe this is because my first time sit for exam in the examination hall at aiu
1,i have been trained very well to feel scared and paranoid with all the people of the world around me in paris here i feel 2 times worse because i have friends who tell me horrible drug dropping stories and i watched the movie taken and taken 2
1,i am one of the few who will place words on page even when i feel scared of what may come out
1,i feel like crap my mind gets scared and produces anxiety symptoms that really do feel like i'm getting sick
1,i used an empathetic voice toned statement when i said you feel scared because he threatened you
1,i told her to let the girl know how she feels but she s scared because she thinks she ll be judged
1,i have amazing support but at the same time i m terrible at letting people be there for me i m not great at showing people how i m feeling and i m scared of having to depend on people
1,i've been feeling scared and worthless
1,i do think my life is like a roller coaster sometimes i feel scared sad happy and excited noted that i'm not a ab type
1,i also found a correlation with much of what she was saying about feeling scared and anxious about divulging to people her depression illness and being comfortable in who she was even though she had depression with hiv
1,i had no idea what would happen and so didn t know what to feel i was scared for a few minutes and excited for a few but mostly i felt leaden
1,i have amazing support but at the same time i m terrible at letting people be there for me i m not great at showing people how i m feeling and i m scared of having to depend on people
1,i feel scared that i may get laid off during the meeting with my boss
1,i'm not interested in a girl who can speak a great flowery talk but can't stick around when i'm feeling scared lonely or hurting
1,i am mentally diseased i feel scared to travel alone my whole body starts shivering at the thought of it
1,i feel scared because i don't know the students and the teachers
1,i was a new student i would feel very scared and confused
1,i was dumb for feeling so scared
1,i love i m scared of hurting your feelings i m scared of showing my feelings i m scared of feeling
1,i can t imagine how you feel i am scared for you
1,i'm already feeling really scared about it
1,i feel people are scared of it because it is a brown
1,i wasn t entirely sure i wanted to right now anyhow but i was feeling scared and very alone
1,i could have had a good life without feeling scared or untrustful all the time
1,i no longer feel scared when confronted with discomfort
1,i still feel scared being vulnerable
1,i don t need to cope with things because right now i don t feel scared of having feelings
1,i have this weird feeling yes of course i am scared but still laughing because we went downstairs and stayed in the safe area of our school
1,i even feel scared when i hear my washing machine going into spin
1,i hate it when it's raining so heavily because i feel scared with all those thunders and lightning
1,i feel so scared inside
1,i think i feel a little scared these days
1,i feel scared and i can honestly say that i don t know what i want to do
1,i do feel a bit scared though
1,i have attended so i still feel a little out of place and scared i'm going to do something wrong or offend someone but household pujas are not very formal it didn't seem so since shiksha didn't mind running out to answer a phone call from a friend
1,i hope you can take the time to watch them and that if you re feeling scared too that they might help you as much as they ve helped me
1,i am already feeling very scared cried out dino
1,i feel like a lot more people who were scared to use marijuana before it was legal are going to start using it now because they can t get in trouble for it
1,i feel scared confused and disoriented
1,i have been thinking about where i will be at this time next year and it makes me feel scared
1,i began to feel scared and somewhat frustrated
1,i feel people are scared of me or given up on me
1,i feel scared
1,i have a feeling i'm going to get scared and retract into my own little bubble
1,i chose nears the sicker i feel i m scared nervous but also excited
1,i am feeling really scared this morning about it
1,i actually feel quite scared to get back to exercising because i feel like i've lost so much strength and condition and put on so much weight
1,i feel scared hellip i feel hurt hellip but no one cares hellip
1,i feel like i am too scared to move on
1,i feel scared to change my life
1,i am feeling scared to publish this post but i want to overcome the fear of sharing my thoughts and writing
1,i can't help but feel that parents are almost scared of their children sometimes and spend to much time pleading with them to do what they are told
1,i hated feeling like a liar but i was scared that he d reject me if he knew the truth
1,i found him on facebook but i feel too scared to add him
1,i am not strong that i feel scared lonely lost and confused
1,i just cant help but feel taken advantage of scared manipulated
1,i like the feeling when someone turns around like they 39 re scared of getting mugged but they see me and feel relieved
1,i feel like she doesn't need me anymore but i need her i'm scared god i'm not sure what i am supposed to do i feel like i have to have everything perfectly organized because i will only get one chance
1,i would limp around school all day and then come home and get so frustrated trying to navigate our small apartment with my knee felling so unsteady and feeling so scared of it happening again
1,i don't know about this i feel scared i'm getting clammy it's uncertain it might not be the right choice'
1,i'm disappointed heartbroken feeling scared
1,i am also kind of feeling scared because i am not sure if i can keep the meals new and exciting for the duration of the plan
1,i feel i was so scared that you would marry her
1,i am super confident the next day i am crying thinking i am not ready and the main feeling more than anything was scared to death of the unknown
1,i've started feeling scared
1,i krishna kills trinavarta going high and high and kills trinavarta and after that he finds himself dangling on a tree just a few feet high and he syas what do i do i am feeling scared and sri balaram asks him to come down to jump and money pushes him
1,i feel scared
1,i was back and forth on feeling scared of him and how he is going to feel about me after jonathen is born
1,i feel so scared yet so courageous
1,i go home late and i don t feel a little bit scared that something might happen to me
1,i reali feel vry hapi but i scared i cnt meet u tt
1,i feel scared and sad but excited and ecstatic at the same time
1,i can't explain the complete feeling of love and support coming from the audience that only an hour before i was so scared to get in front of
1,i couldn t help feeling soothed by its tones even though it also scared me
1,i feel really really scared and i feel really really sorry for myself
1,i woke up feeling scared
1,i do when i m feeling scared or lonely
1,i was feeling scared and i'm an adult
1,i feel like i'm scared my entire life thinking how my future is gonna be like
1,i dont know where and when i can feel the thrill and im scared that im going to miss it
1,i just almost feel scared and stressed all the time that i m going to fail and that i m not going to make my parents and family proud
1,i just could not find him suitable for me or maybe i really did have feelings for him but was scared that he could not fulfill my innermost desires and read my thoughts
1,i feel scared to go shopping
1,i've really been wanting to go to and i feel like the lord wants me to go but of course i'm scared to because i'm worried that i won't make any friends
1,i got a weird feeling in my tummy and was instantly scared because i had never heard of anything like this
1,i was walking towards the lift on my way home i was feeling scared
1,i can remember and makes me feel scared confused embarrassed ashamed and lost
1,i couldn't wait to have that feeling of being scared and i shouldn't have queued up for this rollercoaster ride feeling before the ride and the let's go again feeling after the ride
1,i even tried to cry and feel scared but i couldn't
1,i love learning but i feel scared doing new things at work
1,i'm feeling scared
1,i'm feeling scared
1,i'm feeling scared
1,i should just get those antidepressants again and hopefully they will numb me so much that i will not feel scared anymore
1,i still feel scared
1,i feel scared
1,i'm feeling scared
1,i were getting in the bed she said i feel scared i feel scared that he is our president and really i felt scared too
1,i can be anger and sit with it and feel it and not be scared of it
1,i can t help but feel so scared
1,i feel terribly scared knowing that this could be the end of us as a couple but also that i need to communicate my feelings and explain myself if i want to get out of this negative spiral
1,i try to find a way to talk about my feelings but am endlessly scared
1,i've had this feeling often throughout this pregnancy but i'm scared to death of how i will balance a family of 4
1,i feeling scared
1,i guess the moral here is not to take a placement unless you are truly feeling it but if an internship disappoints you don't feel scared to do the same to them
1,i feel so freaking scared and insecure because it seems that there are so many people that can maybe replace me in your life
1,i feel scared to death
1,i am feeling scared nervous and super emotional today i also feel so blessed to have friends and family that have all checked in on me today to see if there is anything they could do
1,i feel scared but i feel safe
1,i feel more scared and uncomfortable then i am laughing
1,i just feel so damn scared
1,i have the gifs burned onto the back of my mind and i'm sitting in the study by myself near the window and feeling scared
1,i feel scared when i see you talking to other girls or i feel anger i don't have the money to pay for this right now allows you to get to the core issue and often helps him or her to understand your feelings without arguing about it
1,i'm back to feeling scared confused and immobilized by sadness
1,i remember i was feeling really scared and was constantly reminding my mom how confident i was about not getting the straight a's
1,i feel like i am most days and i got a bit scared because i was worried about who i will become
1,i'm feeling very very scared lately
1,i'm feeling scared 2angeranger5 caroline pitcher don't be afraid little one fear998 cultural studies: investigating diversity a href http: youtu
1,i feel rather strongly about the issues at hand today though and frankly i'm scared of the other guy winning this time
1,i'm feeling like i might be scared to achieve greatness
1,i'm feeling like someone who's scared and anger and is looking for as many kinds of outlets for that as possible
1,i have no longer facin laptop for half days like i used to do i get headache very easily and i actually can feel the numbness i wont deny yes im scared
1,i feel scared and worried
1,i am going to be thankful every day for the life i lead that i will remember god in all that i do that i will seek peace and hope among my family and friends when i m feeling scared and above all i will remember to love to the fullest of my hearts extent
1,i feel scared because i can't help but wonder if i am if you are if we are like the rich fool in the story
1,i was travelling alone at that time but never did i feel scared or threatened in any way
1,i feel scared because of you
1,i feel scared and cold and alone
1,i am not feeling scared by them are they still valuable experiences
1,i feel scared and vulnerable now
1,i gotta admit i'm feeling a little bit scared and panicky ok maybe a lot but knowing the fact that my family and friends believe in me i can't wait to fight this battle
1,i was feeling scared as this day near because i have never felt so alone before
1,i can't really describe it other than to say it's the same feeling i have whenever i am so myself that it seems the weaker scared side of me has somehow understood its limits enough to step aside and smile from the side of the stage as the powerful side of me takes over
1,i feel scared that i might have done something and it might be serious
1,i feel so scared
1,i ever get to the point where i'm feeling scared or concerned or hesitant to take the next step toward my tour next year i'll rent or go see a movie that's about someone else who had something huge they wanted to do or pursue and were victorious in the end
1,i feel so scared that i would just halt out of nowhere and i don t know if i can still fight for this
1,i don t know why but i feel really scared all of a sudden so i stand up and try to back away from the well but this gnarled old turnip hand grabs my shoulder and this voice whispers into my ear hear the squall and down you fall and fucking pushes me into the well
1,i was still feeling scared shocked and distraught i also felt proud of myself
1,i feel scared when you say that feeling i feel you don t love me
1,i feel so scared haha but i'm not trippin
1,i am feeling scared and terrified i can not tell you where i am but i blame king james the fearst for me being here
1,i still feel scared and stressed and out of place
1,i'm feeling very scared that i won't live up to expectations : i mean ralit people are like woah they're just so cool and i'm here like
1,i can t say i would have expected to feel this way toward birth i was scared out of my mind
1,i can t differentiate about it whether i hate someone or i too love someone till that feeling becomes my own fear and i m scared to face the reality that it was the memories
1,i feel scared
1,i felt alone after i was raped like god had walked out on me but he hasn t and i can still feel him and his angles around me i guess i m scared of really believing
1,i listen to the catholic christian side then i feel that i am scared into returning and trying to renounce my celtic wiccan side by hearing i am going to hell if i don t renounce it and repent
1,i'm feeling scared as hell
1,i participate more without feeling as scared as to whether or not my answer or opinion was wrong honestly though opinion questions should always receive full marks
1,i think why on earth did i ever feel scared
1,i'm feeling scared said henry who was home from third grade for a third straight day
1,i'm feeling scared said henry who was home from third grade for a third straight day
1,i don t feel scared talking to people but i m just so completely and totally unaware of anything that they might want to talk about and also about basic social behaviors
1,i'm feeling scared said henry who was home from third grade for a third straight day
1,i feel scared to run because i'm afraid of protesters
1,i feel so scared being alone in the room the house the country because she isnt there
1,i just feel scared and i feel like i need to get out of the way
1,i feel scared to gain weight and i took this diet to the extreme
1,i would think about him having a rough day with friends and feel scared for him
1,i'm feeling scared said henry who was home from third grade for a third straight day
1,i sebagai takwarians feel so scared worried frightened cold but at the same time still feel so excited and hoping for the best results : tomorrow is our last day at school at class
1,i'm still unsure if i should feel scared excited sad or horny
1,i'm feeling scared said henry who was home from third grade for a third straight day
1,i'm feeling scared said henry who was home from third grade for a third straight day
1,i feel scared to use headphones
1,i feel so scared all the time
1,i'm all jettery and nervous feeling and honestly scared to even write these feelings down for fear they'll be used against me
1,i wouldn't admit to feeling scared or judged
1,i feel scared
1,i think this spoke to what i was feeling when i am scared about getting rejected i am more likely to feel shame whereas when i chose to be real and love myself for it i feel okay regardless of the outcome
1,i feel scared and sad
1,i feel mostly scared
1,i take i feel scared and unsafe
1,i don t want to be silent strong bogart who goes out to conquer the world i feel scared
1,i'm feeling scared i just hiss at her
1,i started swimming i didn t feel scared about the day ahead anymore
1,i feel scared
1,i feel myself recoiling scared that i've shared too much afraid to break wide open
1,i feel more like a scared pre teen boy than a 3fear year old woman
1,i am scheduled to have another cs operation between the fearst and 2nd week of july but i am feeling more scared than ever as it comes near
1,i am feeling really scared says ali akram hayat a student of lahore grammar school who has been selected besides four others to represent pakistan at the world schools debating championship in south africa
1,i feel like the issue needs some attention along with the people who are scared to not look like everyone else
1,i am contemplating writing a blog post about infertility after having a baby and how it feels but truth is i am scared of how it will come across
1,i want to bring up what i am feeling but decide against it scared that i might be introducing baggage that really should not affect her much less add another wrinkle to a relationship is wonderful yet strange but strange in a good way
1,i think this photo sums up feeling a bit scared
1,i feel really scared
1,i feel so scared a href 'http: looveorhatee
1,i feel so scared right now
1,i feel so scared posted by tinaa : at a class 'timestamp link' href 'http: looveorhatee
1,i chose to seal it because i'm still having a very strong feeling to you i scared to chat with you scared to see you scared to do everything that related to us
1,i feel scared and stupid
1,i feel scared fear3 point what too heavy and slow to run that far intimidated anxious wait
1,i am myself feeling scared
1,i also feel scared of losing the vision
1,i can show you how to talk in public with no the signs or symptoms of feeling scared
1,i have learned that feeling scared is a good thing
1,i want to write so many things about this sensitive topic of parenting but somewhere inside i feel scared amp apprehensive as well
1,i am a very outspoken person on human rights and speak when others feel too scared to come forward
1,i basically feel like a scared optimist
1,i think what my brain is trying so hard to say is that there is no reason to feel scared and alone just because the distance has increased between my little family and the familiar
1,i have a feeling that's where we are at yet i am scared that by waiting it out that i am putting her at risk more
1,i feel like i m always dodging flying bacon grease amp i m really scared one day it s going to blind me
1,i am a sandwich and really feeling scared to walk around alone as a result is not something i want my daughters to deal with
1,i feel scared nd sad we
1,i have been feeling scared that they would confront me because i hurt them in the past and they probably feel i am still hurting them now and i am feeling shame about it
1,i used to feel scared of lots of big things that i really want
1,i have been feeling lately towards ken has me scared that i am causing some sort of blasphemous dissension between god and me
1,i tell him how i feel i want to but i'm scared
1,i feel really scared that it will be awkward and we just realise that we re not who we think we are
1,i had done a lot of freaking out this far and was feeling very scared
1,i feel but i am scared to death
1,i am obviously feeling scared at the moment
1,i feel scared
1,i still feel a bit scared of living in the same house with a pet dog and not knowing what it is trying to communicate
1,i thought about the arguments and i went from feeling scared to being annoyed not just at those comments but the discussion on this issue i have seen across the internet
1,i have to admit though i'm also really excited to learn despite feeling scared to death
1,i am now trying to think of this as being neat and intriguing instead of weirdly creepy because i want to go back and spend a few days there again soon and it will be much easier to do so if i'm feeling intrigued instead of scared
1,i was starting to feel scared to face the things at work and my manager
1,i didn't feel scared
1,i got s and really i feel like i hit the lottery i was scared it'd be something like x and i'd be screwed
1,i'd guess maybe i'm wrong that you probably feel scared like lynne did
1,i was scared of my own feelings for ivy now i 39 m scared of committing to her
1,i'm kinda feeling scared about it
1,i always feel scared when this happens so i was immediately thinking of who to call for help
1,i could talk to him and tell him that i feel scared and that my no means no i would feel better
1,i probably won't feel as scared as i feel now because i'll know who he is and he'll know who i am
1,i feel like i am dreading it because i am scared of falling back into my old lifestyle
1,i eh i feel like want to whatsapp him but i'm scared if he tak reply me
1,i feel scared
1,i'm feeling a bit scared to consider putting myself 'out there' by posting my work on a website frequented by professional artists but i decided to suck it up be a big girl and ask for feedback
1,i feel truly scared
1,i feel a little scared yeah right a lot on this new venture but i thought summer would be a perfect time to explore i would really appreciate any feedback comments or advise :
1,i have to tell how proud i feel when i realize what self confidence he has not being scared to do this on his own without any friends or parents present
1,i feel scared about doing something related to studies
1,i did not want to but the feeling of doing this which i never thought would be mine at that age scared me making my body tremble as if with chills
1,i don't know if this is how i expected i would feel but wow i am so scared
1,i remember feeling scared and horrified that i'd left them to get out myself and that's all i recall of that part
1,i was floating up to the ceiling and lost the feeling in my legs and stuff and that scared me more than anything and i said i would not do that again
1,i feel abit scared staying in farms cos travelling wise can be quite mafan
1,i am feeling a little scared
1,i had any more fame i would feel scared
1,i found myself sitting in a waiting room feeling a bit scared and a lot weary
1,i just feel so scared that i'm letting such a stupid fear affect me so much
1,i feel scared
1,i'm feeling a little bit scared
1,i looked in the mirror and was feeling around i started to feel scared and anxious
1,i feel scared at not that i have to work i been working since i was fear7 or what i am going to do i that taking see what comes as it happens approach is best for me so i am not scared of that either
1,i wish i had someone here as i am now feeling quite scared
1,i remember feeling really scared but i knew my mom was there and nothing wrong could happen
1,i feel like a caged lion but i'm too scared to fight my corner
1,i am feeling very scared because in te puawai i have got long poi and i am hitting people cause i don't have enough room and sometimes i hit myself and i have to stop and go again
1,i don t feel scared worried excited nervous or all those things people tell me i should feel or what they think they would feel in my shoes
1,i start to feel scared
1,i feel scared it makes me want to hide
1,i just feel really scared to put myself out there emotionally and let my fear control my actions
1,i feel no reason to be scared
1,i feel scared
1,i feel quite scared
1,i was feeling scared and out of nowhere pulled the covers over my head pulled them back down there is an alien to my left and suddenly i feel frozen or
1,i have told about this to one of my closest friend and well i am feeling somewhat scared to entrust my secret someone else but at the same time i am also feeling better thinking that now i have someone to share my feeling about that someone special
1,i feel oh so scared so frightened of what is to come
1,i feel like so many people are scared of death wich is why they run to religion
1,i didn't feel quite so scared
1,i was feeling really scared and then there was mom
1,i feel about him i never really told him too much guess i was scared but i havent got anything to loose now
1,i just feel very deeply and to me losing my job would be the end of the world on itself hence the breakdown on monday when i got scared for that let alone feeling like i caused it with a misunderstanding
1,i feel so scared to give in
1,i feel scared to give in my feelings and love them back
1,i feel very scared
1,i feel quite scared about my work life balance if i start to work for ken again
1,i fear that my hormonal imbalance revealed too much of my feelings and scared him off
1,i feel so scared i'm normally in control and things go according to plan this is so hard and terrifying for me
1,i don 39 t want to confused my heart anymore and i feel like i am doing that and i am kind of scared of alot of things u know what i mean
1,i feel my dad s hand when we dropped on tower of terror because i was so scared
1,i almost passed out in the shower and jumped out unable to feel scared unable to quite remember how to get a hold of mgo followed by an intense uncontrollable anxiety attack i decided to stop taking medications
1,i'm feeling scared half the time knowing that he is working at a factory
1,i wanna tell you how i feel but i'm scared
1,i feel so scared
1,i'm scared of the crack on the sidewalk scared of the colour of my eyes scared of my own bed scared of my feelings for others scared of words scared of dreams
1,i feel scared
1,i feel scared
1,i don't think i can say that after reading that i'll never feel scared again but it definitely helped me get into the right mindset again
1,i knew it even as i was feeling scared during that conversation
1,i feel like everyone would be scared of touching her as an actor because of how the bones fandom has and still treats her
1,i went there feeling much more scared than i was during all the weekend
